{"CV-R2": 0.7122052689445673, "RMSE": 18146.459445215445}